Id,BIRTHDATE,DEATHDATE,SSN,DRIVERS,PASSPORT,PREFIX,FIRST,MIDDLE,LAST,SUFFIX,MAIDEN,MARITAL,RACE,ETHNICITY,GENDER,BIRTHPLACE,ADDRESS,CITY,STATE,COUNTY,FIPS,ZIP,LAT,LON,HEALTHCARE_EXPENSES,HEALTHCARE_COVERAGE,INCOME
ba60ff9c-dec0-a4cc-a0cc-09e41c9a53b6,1990-08-01,,999-38-7836,S99927973,X678828X,Mr.,Timmy68,Corey514,Champlin946,,,M,white,nonhispanic,M,Holden  Massachusetts  US,215 Windler Key Apt 18,Littleton,Massachusetts,Middlesex County,,00000,42.545116343256204,-71.49947020146318,78771.51,17392.03,996332
245a06af-8178-42ae-43e6-a9e367774ddc,1955-09-22,1991-02-07,999-45-5265,S99993350,X39403411X,Mr.,Toney527,Wilford267,Romaguera67,,,M,asian,nonhispanic,M,Hanover  Massachusetts  US,975 Pacocha Forge Apt 85,Hanson,Massachusetts,Plymouth County,25023,02341,42.03254359685154,-70.90855943493378,73496.98,24995.81,26373
986ae92c-5efc-b2c8-2fcf-756e7570ede1,1997-03-21,,999-22-1116,S99912864,X25089152X,Mr.,Dylan44,,Mann644,,,M,white,nonhispanic,M,Malden  Massachusetts  US,793 Auer Fort Suite 3,Wellesley,Massachusetts,Norfolk County,25021,02482,42.31388929582343,-71.24635827449605,58278.81,79012.67,193058
e40484d0-1776-121f-e445-ee650c5f7018,1954-01-18,1996-10-17,999-74-6743,S99911548,X21051065X,Mr.,Pierre431,Eldridge510,Oberbrunner298,,,M,white,nonhispanic,M,Gloucester  Massachusetts  US,951 Casper Trafficway Unit 76,Revere,Massachusetts,Suffolk County,25025,02151,42.40864271789606,-70.97938071988841,125743.57,0.00,59922
8e781f28-d0fc-b6bf-b367-73cecf141a9c,1989-11-15,,999-91-3686,S99997789,X65094642X,Mrs.,Perry780,,O'Conner199,,Walsh511,M,white,nonhispanic,F,Acushnet  Massachusetts  US,263 Langworth Hollow,Norwood,Massachusetts,Norfolk County,25021,02062,42.154362048161914,-71.16300257960245,142977.05,184147.76,737428
b3bd54d5-257e-1959-c3c8-2782a4e253bf,1978-06-24,,999-35-7073,S99977580,X54090966X,Mrs.,Mariam937,Clarisa227,Witting912,,Feest103,M,asian,hispanic,F,Salem  Massachusetts  US,277 Eichmann Plaza,Auburn,Massachusetts,Worcester County,,00000,42.151188969176836,-71.87181190049166,282408.94,732957.99,134956
ca69f618-3f53-eac3-6fc1-6c401c8bcfd1,1989-01-23,,999-43-4533,S99988604,X74342902X,Mrs.,Elwanda490,,Stiedemann542,,Howe413,M,white,nonhispanic,F,Acushnet Center  Massachusetts  US,613 Zemlak Crossroad Suite 23,Plymouth,Massachusetts,Plymouth County,25023,02360,41.86445587643816,-70.59960018898384,154748.42,666818.93,195167
9a3f2536-2ec6-6bec-83b2-583cd2c24138,1964-03-25,,999-90-5407,S99912789,X76527514X,Mr.,Norris589,Elliot577,Stokes453,,,D,white,hispanic,M,Worcester  Massachusetts  US,361 Miller Annex Suite 34,Westfield,Massachusetts,Hampden County,25013,01085,42.127290878936975,-72.78146106668474,140414.82,21285.19,92321
ccaf1035-993c-1d10-5b33-9cb00a4d7090,2003-09-23,,999-15-9294,S99931835,X14235418X,Ms.,Maryetta775,Michiko564,Hudson301,,,,white,nonhispanic,F,Lexington  Massachusetts  US,137 Zemlak Arcade Suite 77,Everett,Massachusetts,Middlesex County,25017,02149,42.385534339791754,-71.04762200309412,102724.99,174866.03,33256
5dcce4d7-858f-b464-603d-d3d7217ba484,1961-06-17,2019-08-13,999-31-1821,S99991921,X54973323X,Mr.,Werner409,Ambrose149,Conroy74,,,M,black,nonhispanic,M,Saugus  Massachusetts  US,319 Little Wall Suite 6,Bridgewater,Massachusetts,Plymouth County,25023,02324,41.975669384201666,-70.93524533466696,180183.07,411649.87,33092
7463306b-5820-9425-6f97-92f6c916339f,2014-09-23,,999-57-9289,,,,Jacques50,Gilberto712,Kuphal363,,,,white,nonhispanic,M,Plymouth  Massachusetts  US,1026 Mohr Fort,Framingham,Massachusetts,Middlesex County,25017,01701,42.28945923404854,-71.43969527542947,33801.55,12170.42,33133
3910ba56-de70-9fa2-7f1f-24e3bd35b816,2004-09-10,,999-10-2016,S99977917,X8759989X,Mr.,Cedrick207,,Ledner144,,,,white,nonhispanic,M,Waltham  Massachusetts  US,322 Raynor Neck Unit 11,Amherst,Massachusetts,Hampshire County,,00000,42.41202820661233,-72.54220662907841,4322.03,60814.00,1212
f8bfe350-495f-c503-46f3-39e3976af005,1985-09-21,,999-48-3909,S99956798,X70016253X,Mr.,Timmy68,Brendan864,Becker968,,,S,white,nonhispanic,M,Mashpee  Massachusetts  US,485 Rowe Throughway Suite 24,Salem,Massachusetts,Essex County,25009,01970,42.50300650890256,-70.88463970052408,100017.74,35324.45,98466
5eeb2e41-b597-0f14-4423-19a1fc2654c4,1923-03-22,1982-12-25,999-52-6584,S99923612,X39268545X,Mr.,Harrison106,Carroll471,Russel238,,,M,white,nonhispanic,M,Boston  Massachusetts  US,833 Kilback Club,Ashland,Massachusetts,Middlesex County,,00000,42.29722402356212,-71.4435657320755,227047.91,0.00,44177
181a6100-d3ae-5ce5-2cc7-621ef3d3d8f7,2004-04-25,,999-83-8234,S99916088,X35424047X,Ms.,Sacha430,Chantelle310,Mertz280,,,,white,nonhispanic,F,Boston  Massachusetts  US,1056 Prohaska Frontage road Unit 42,Salem,Massachusetts,Essex County,25009,01970,42.52088339201704,-70.93913629401398,96928.47,613751.15,68962
2dad33f1-7456-8b66-4b71-c21737b1f292,2011-06-27,,999-16-1540,,,,Elinor7,Marylynn944,Cummings51,,,,white,nonhispanic,F,Kingston  Massachusetts  US,1069 Swaniawski Trafficway,Sturbridge,Massachusetts,Worcester County,25027,01566,42.154310478891674,-71.96648756167531,6753.33,598986.42,136756
4f22c1ca-6944-9fe6-978d-a6cc5def924b,1923-03-22,1927-04-29,999-72-3737,,,,Domingo513,Ian270,Hermann103,,,,white,nonhispanic,M,Boston  Massachusetts  US,404 Kohler Path Apt 64,Ashland,Massachusetts,Middlesex County,,00000,42.268741776991114,-71.48497293131044,23606.06,22769.18,44177
3eab9296-a10d-909d-8033-794bf088b92d,1993-05-31,,999-42-1301,S99975689,X72246069X,Mr.,Domingo513,Robin66,Abbott774,,,M,white,nonhispanic,M,Newton  Massachusetts  US,607 Dickinson Knoll,Taunton,Massachusetts,Bristol County,25005,02767,41.911140843538895,-71.05817820855725,103060.00,212337.14,122350
bb2c85b8-7c17-844f-60ea-56c045b4e32c,1966-01-08,,999-98-9952,S99959906,X4686319X,Mrs.,Sirena316,Vicki422,Haag279,,Shields502,W,white,nonhispanic,F,Woburn  Massachusetts  US,964 Yundt Hollow,Randolph,Massachusetts,Norfolk County,25021,02368,42.22771183991617,-71.09891430871565,361091.54,198021.90,58399
5bdedef4-0de8-58f3-74a3-e482c5910b3b,1996-05-31,,999-48-9628,S99946406,X51188987X,Mr.,Clint766,Alden634,Donnelly343,,,M,white,nonhispanic,M,Swansea  Massachusetts  US,149 Cummings Viaduct,Beverly,Massachusetts,Essex County,25009,01915,42.56552797944596,-70.83918051741956,148884.87,7520.16,45409
15a455a7-ddba-7020-d879-2b48a346406c,1954-01-18,,999-58-2932,S99933532,X38347293X,Mr.,Buck819,Jarrett354,Hessel84,,,S,white,nonhispanic,M,Fall River  Massachusetts  US,846 Predovic Flat,Revere,Massachusetts,Suffolk County,25025,02151,42.409895261357526,-70.94453889677865,174184.11,53836.15,59922
cefd4752-4dc5-e752-c473-e6cdb6c61387,1965-10-19,,999-29-9146,S99998820,X52471234X,Mr.,Jay242,Chuck784,Mayer370,,,S,white,nonhispanic,M,Wellesley  Massachusetts  US,290 Heidenreich Highlands Unit 90,Westborough,Massachusetts,Worcester County,25027,01581,42.238567634176455,-71.64159418941793,145185.10,48506.60,110590
ece24edc-e6d9-e646-b51d-28939ae3cd92,1988-02-15,,999-19-9562,S99951868,X81623650X,Mrs.,Lidia103,,Krajcik437,,Kirlin939,M,white,nonhispanic,F,East Falmouth  Massachusetts  US,843 Runolfsdottir Neck,Natick,Massachusetts,Middlesex County,,00000,42.3255700111673,-71.34061362118692,184830.80,329840.44,197361
3352cdc1-bf05-6b10-fef6-37c3b62a55e4,1955-09-22,,999-61-7055,S99919982,X41623648X,Mr.,Percy315,Darrel772,Nader710,,,M,asian,nonhispanic,M,Teaticket  Massachusetts  US,109 Batz Mission,Hanson,Massachusetts,Plymouth County,25023,02341,42.055586153241734,-70.82954243623877,164328.70,90292.95,26373
9e5db67e-91e4-3466-c6b6-8a3c3c352fa3,1961-06-17,,999-91-8554,S99982571,X53504873X,Mr.,Isreal8,Nigel915,Rippin620,,,M,black,nonhispanic,M,Dartmouth  Massachusetts  US,179 Simonis Rue Unit 82,Bridgewater,Massachusetts,Plymouth County,25023,02324,42.01955563464125,-71.02058039625328,157899.55,43756.26,33092
98f30d61-46a0-54e8-60c5-cb13feaf26b5,1952-09-19,,999-12-2566,S99929497,X23228911X,Mrs.,Tomasa683,,Abernathy524,,Veum823,D,white,nonhispanic,F,Lawrence  Massachusetts  US,544 Mills Brook,Lexington,Massachusetts,Middlesex County,25017,02420,42.4745211558671,-71.26979875493498,295396.56,282513.61,197748
b44a02c9-a405-f126-6848-1742e699f3d5,1923-03-22,1960-08-17,999-29-9470,S99940801,X33147812X,Mr.,Rueben647,Glen190,Kshlerin58,,,M,white,nonhispanic,M,Methuen  Massachusetts  US,394 Veum Harbor Apt 87,Ashland,Massachusetts,Middlesex County,,00000,42.27098604880233,-71.4541054644286,103676.97,68954.30,44177
0be2b4a5-d0ed-a6ff-f30d-5a3d64314c86,1995-05-23,,999-95-9411,S99926533,X89729665X,Mrs.,Mana631,Megan108,McClure239,,Auer97,M,other,hispanic,F,North Attleborough  Massachusetts  US,860 Ward Mission,Boston,Massachusetts,Suffolk County,25025,02109,42.21396372586536,-71.12749381655006,138296.86,174422.86,91759
748bf09f-f1da-6dc3-846d-d926873382e0,1978-09-20,,999-68-7190,S99952273,X18921480X,Mrs.,Kayla528,,Schiller186,,Pacocha935,M,white,nonhispanic,F,Methuen  Massachusetts  US,165 Lockman Pathway,Chelsea,Massachusetts,Suffolk County,25025,02150,42.420952153529605,-71.0704212427203,16869.38,1043154.41,5892
d1f35ee4-a20a-9b2e-9a0f-cf82d119c66f,1958-05-17,,999-49-4475,S99986417,X64221054X,Mrs.,Nikita578,Omega729,Schimmel440,,Hammes673,M,white,nonhispanic,F,Dracut  Massachusetts  US,842 Mayert Road Unit 74,Gloucester,Massachusetts,Essex County,25009,01930,42.57663149705171,-70.72188491602341,18099.05,913746.03,14782
5efed06c-b454-b816-4c55-82a3a2a656d8,1940-10-14,2019-06-22,999-61-9386,S99985146,X45343083X,Mr.,Timothy142,Jacques50,Boehm581,,,D,white,nonhispanic,M,Fall River  Massachusetts  US,552 Hintz Arcade,Beverly,Massachusetts,Essex County,25009,01915,42.54665123742929,-70.86786477088819,72389.78,188397.55,29714
7844da5e-64ed-4883-84da-21dd0d29d666,2001-08-13,,999-55-1063,S99939192,X79591133X,Ms.,Micaela928,,Barrios478,,,,white,hispanic,F,Santiago  Santiago Province  CL,828 Barton Branch,Lawrence,Massachusetts,Essex County,25009,01843,42.71822573729083,-71.154826386438,86240.61,68049.01,37727
e29a5863-a7e9-05f1-de7f-ae10b4e56712,1973-07-12,,999-76-3601,S99922090,X87330500X,Mrs.,Ali918,Tarra676,Hettinger594,,Stark857,D,white,nonhispanic,F,Leominster  Massachusetts  US,322 Schaden Mission Apt 0,Brockton,Massachusetts,Plymouth County,25023,02302,42.12293116181738,-71.01954109382547,436877.88,488869.54,92864
253dc3d9-fa0b-7dcc-8977-1aef7bc00be2,2025-01-15,,999-79-8134,,,,Arlie183,,Jaskolski867,,,,white,nonhispanic,M,Lawrence  Massachusetts  US,483 Hoeger Row Suite 56,Rockport,Massachusetts,Essex County,25009,01966,42.64650386328689,-70.65039645375606,4739.47,558.79,192355
c7c67f6a-950a-4f7b-9ede-911ee5a2473b,2009-07-24,,999-20-7647,S99959340,,,Clifford177,Charley358,Tromp100,,,,white,nonhispanic,M,Dartmouth  Massachusetts  US,156 Carter Esplanade Apt 36,Holyoke,Massachusetts,Hampden County,25013,01040,42.2477599655805,-72.66069736247037,103100.39,480823.70,92096
f0578fbb-ade5-2087-b643-753a73fa3390,1953-09-21,,999-19-8821,S99927536,X45879944X,Mrs.,Shavonda114,Amal279,Orn563,,Tillman293,D,white,nonhispanic,F,Boston  Massachusetts  US,317 Kulas Route Apt 62,Framingham,Massachusetts,Middlesex County,25017,01702,42.29037125346001,-71.47318802374423,717814.87,476255.67,42700
16859c1a-5ec3-d76d-226d-dc82880822bb,1987-06-12,,999-76-3089,S99952399,X87523653X,Mrs.,Cristina921,,Ziemann98,,Senger904,D,white,nonhispanic,F,Springfield  Massachusetts  US,882 Lang Vista,Cambridge,Massachusetts,Middlesex County,25017,02472,42.334862970777706,-71.17947276843807,120133.70,33954.87,198937
c3e61ef1-dafe-dda3-5436-e751756d4707,1967-07-17,,999-96-9559,S99938971,X70093834X,Mr.,Antonio44,Man114,Grant908,,,M,white,nonhispanic,M,Norton  Massachusetts  US,208 Grady Bay,Nantucket,Massachusetts,Nantucket County,25019,02554,41.29345449013132,-70.13241188292722,27302.33,199412.20,76292
89deecd9-7d92-11d0-d201-ac8e660587d1,2018-12-24,,999-87-2701,,,,Delbert384,Doyle959,Koch169,,,,white,nonhispanic,M,Gloucester  Massachusetts  US,1026 Welch Station,Somerville,Massachusetts,Middlesex County,25017,02144,42.37445195120466,-71.16508385215158,8578.54,7071.81,70481
064750cf-2846-4a7f-8905-67a31c05004c,1979-06-28,,999-31-3652,S99923496,X47294658X,Ms.,Agnes294,,Witting912,,,S,white,nonhispanic,F,Easthampton  Massachusetts  US,481 Blanda Forge,Natick,Massachusetts,Middlesex County,,00000,42.29882378100615,-71.3628936234504,296051.87,705317.32,179663
099971d0-ef0c-ddbe-7328-f752dcdb8491,1948-11-10,,999-31-9650,S99971619,X34102505X,Mr.,Greg949,Brain142,Hahn503,,,D,white,nonhispanic,M,Agawam  Massachusetts  US,762 Hartmann Pathway,Arlington,Massachusetts,Middlesex County,25017,02474,42.370827933389954,-71.19915836833869,492915.44,511898.89,66637
2fd9e63a-afe4-d30f-6038-426511fbf544,1975-04-25,,999-98-4796,S99930848,X54917363X,Mrs.,Domenica436,Clarinda196,Friesen796,,Braun514,M,white,nonhispanic,F,Somerville  Massachusetts  US,480 Muller Fort Apt 62,Milton,Massachusetts,Norfolk County,25021,02186,42.26332403441531,-71.09643836930806,201339.99,1096852.31,135832
a0d655fd-7a2c-1c77-bc26-c324820843b7,1993-04-10,,999-41-2581,S99997508,X28733859X,Mr.,Arnulfo253,Marcelo725,McGlynn426,,,M,white,nonhispanic,M,Boston  Massachusetts  US,157 Adams Plaza,Adams,Massachusetts,Berkshire County,25003,01220,42.5914972930193,-73.09711523584751,51963.05,29183.29,97080
a5071272-d8d8-b561-f95e-a12ca78f0800,1923-03-22,,999-73-2922,S99936512,X64241333X,Mr.,Lynn917,Charley358,Senger904,,,M,white,nonhispanic,M,Woburn  Massachusetts  US,1091 Deckow Burg Suite 65,Ashland,Massachusetts,Middlesex County,,00000,42.25527591274275,-71.51345695621644,391062.91,650423.15,44177
0097e2bc-88d0-758c-0d24-6227040fd4d9,2017-09-05,,999-85-3431,,,,Gena729,Cornelia505,Waters156,,,,white,nonhispanic,F,Southbridge  Massachusetts  US,383 Moen Station,Boston,Massachusetts,Suffolk County,25025,02125,42.273450955066224,-71.05310952061197,18204.19,10803.46,26653
0dd8b836-91f0-5276-dbe4-dd2dc00a4e9f,1975-12-24,,999-34-5782,S99956623,X68570780X,Mr.,Maria750,Man114,Pouros728,,,S,white,nonhispanic,M,Leominster  Massachusetts  US,359 Will Heights,Springfield,Massachusetts,Hampden County,25013,01105,42.10521172547222,-72.50559728372218,198579.75,53206.63,46144
35adef57-5ba5-e7ec-1fbe-c91153ceea4c,2001-10-16,,999-72-6609,S99954055,X6886943X,Ms.,Sally227,,Emard19,,,,white,nonhispanic,F,Franklin  Massachusetts  US,976 Swaniawski Mission,Auburn,Massachusetts,Worcester County,,00000,42.22407213380732,-71.8233008722539,137820.04,340439.40,46275
dcf8f3af-aee3-e405-8849-f88a5eaa7576,1983-07-24,,999-50-5047,S99937233,X8962286X,Ms.,Kati243,Delta800,Schulist381,,,S,white,nonhispanic,F,Medway  Massachusetts  US,597 Walker Trail Unit 18,East Longmeadow,Massachusetts,Hampden County,,00000,42.03739792922561,-72.4662973347152,163489.84,155959.80,138995
87bd285c-99f8-9599-7cd4-83ca9a2d8063,1996-12-15,,999-82-3385,S99912172,X5893712X,Mr.,Josiah310,Stephan15,Reynolds644,,,S,black,hispanic,M,Chicopee  Massachusetts  US,488 Williamson Mall,Boston,Massachusetts,Suffolk County,25017,02467,42.3886116592251,-71.08920150136188,365501.39,318399.75,113407
06a0ca64-5677-f729-b3b4-a4a8c79b5478,1964-03-22,,999-27-4343,S99965747,X74459923X,Mr.,Rogelio17,Lanny564,Reilly981,,,W,white,nonhispanic,M,Fall River  Massachusetts  US,256 Lowe Gardens Unit 72,Amherst,Massachusetts,Hampshire County,,00000,42.401636921204165,-72.49732779427048,156438.22,31021.27,60703
dc032f24-faf6-e78a-38ab-7e15155b86f0,2000-08-14,,999-46-2333,S99913750,X29290792X,Ms.,Lenna704,Mechelle851,Ryan260,,,,white,nonhispanic,F,Boston  Massachusetts  US,645 Bayer Highlands,Waltham,Massachusetts,Middlesex County,25017,02452,42.380554995636984,-71.25358469701209,109860.07,157783.54,147732
9dd85bcf-6d14-b01f-5f68-693299899b97,1967-07-18,,999-84-8887,S99997600,X30234022X,Mrs.,Annetta101,Ricki338,Carter549,,King743,M,white,nonhispanic,F,Lowell  Massachusetts  US,453 Paucek Wall,Leicester,Massachusetts,Worcester County,,00000,42.21769144008056,-71.86593745851181,1016780.66,416790.06,85979
8ca8a38b-410a-dc2c-607f-432934be2a80,1985-11-03,,999-99-4448,S99936425,X18877513X,Mrs.,Mattie544,,Eichmann909,,Ledner144,D,white,nonhispanic,F,Millis  Massachusetts  US,482 Rippin Road,Boston,Massachusetts,Suffolk County,25025,02116,42.3870436954491,-71.01843662219638,17219.69,923430.26,2025
7ef803c2-9531-bf98-63bb-b41c3dfe2df0,1998-10-03,,999-96-1404,S99973839,X62407123X,Mr.,Clifton91,Rolf983,Hyatt152,,,,asian,nonhispanic,M,Billerica  Massachusetts  US,377 Leuschke Divide,Concord,Massachusetts,Middlesex County,,00000,42.41724766426075,-71.38244579838096,108591.41,14371.66,123824
79f950bc-db7c-12e4-efe1-ecacee6ed748,1995-12-27,,999-32-8024,S99922072,X30246981X,Mr.,Vern731,Royal919,Russel238,,,M,white,nonhispanic,M,Northampton  Massachusetts  US,594 Stehr Flat,Hanover,Massachusetts,Plymouth County,,00000,42.16231564174492,-70.83596711224347,112294.18,3066.55,58182
6ec25827-454a-d6a1-12dc-f37de13da8f7,1950-05-03,,999-86-5569,S99998367,X87981918X,Mr.,Aron520,Freddie621,Nader710,,,M,white,nonhispanic,M,Boston  Massachusetts  US,165 Bechtelar Parade,Lynnfield,Massachusetts,Essex County,25009,01940,42.49682831656804,-70.99322197706145,183551.49,175942.40,143157
d6a6d05a-83d6-30ea-9779-0d6f5fe0a5fb,2025-04-28,,999-31-9899,,,,Maegan141,Sunni15,Murphy561,,,,white,hispanic,F,Acushnet  Massachusetts  US,900 Cremin Burg,Beverly,Massachusetts,Essex County,25009,01915,42.55264152674862,-70.83427843711331,4118.62,0.00,50314
04c18b29-5c29-c2ad-fd79-24d282bec97a,1982-03-12,2022-07-15,999-73-8334,S99977365,X32498063X,Ms.,Ivana95,Pilar644,Thompson596,,,S,hawaiian,nonhispanic,F,Leominster  Massachusetts  US,858 Doyle Throughway Unit 14,Lexington,Massachusetts,Middlesex County,25017,02420,42.46748515662341,-71.21521889466877,215250.69,704606.95,343855
9a28a679-8c53-b649-4c3b-1c530328397e,1955-03-05,,999-61-7484,S99935236,X59585940X,Mrs.,Teresia279,Tawanna466,Orn563,,Klein929,M,white,nonhispanic,F,Taunton  Massachusetts  US,1075 Medhurst Ramp Unit 17,Wareham,Massachusetts,Plymouth County,,00000,41.75404501285365,-70.66059950730323,42076.00,1237099.28,13781
51c12659-618f-aaac-cee1-3fffbd2fdc79,2017-06-15,,999-15-9815,,,,Micah422,Damon455,Mueller846,,,,white,nonhispanic,M,Worcester  Massachusetts  US,753 Hirthe Gardens,Waltham,Massachusetts,Middlesex County,25017,02452,42.38632921359048,-71.21843702034634,25839.03,0.00,130708
c4af62ce-0a7a-1f1b-2c10-b6d46c0e4748,1999-03-20,,999-70-1256,S99982569,X33586960X,Mr.,Porter490,,Rowe323,,,,white,nonhispanic,M,Middleborough Center  Massachusetts  US,823 Rempel Pathway Suite 51,Boston,Massachusetts,Suffolk County,25025,02151,42.27005194963547,-71.17438275950136,5521.90,96856.41,9284
661e13e8-47fa-7442-9ba2-5948ca3a7042,1992-08-06,,999-68-7895,S99956076,X50559050X,Mrs.,Araceli695,Susann104,Stamm704,,White193,M,white,nonhispanic,F,Danvers  Massachusetts  US,1068 Sauer Lodge,Natick,Massachusetts,Middlesex County,,00000,42.25991710359364,-71.3767092200228,141554.53,329017.03,40838
9e981c15-278c-cb31-d7d3-631635b37646,2000-09-14,,999-72-7110,S99990920,X2206032X,Ms.,Cordia574,Kristeen693,Gutmann970,,,,white,nonhispanic,F,Boston  Massachusetts  US,725 Walsh Lane,Reading,Massachusetts,Middlesex County,25017,01801,42.55047728858955,-71.07856945021356,135662.50,233723.32,141423
8be96d85-6bd1-a9f2-c048-e12a786c3e18,2007-06-04,,999-76-9775,S99919433,,Mr.,Basil991,Neal874,Bailey598,,,,white,nonhispanic,M,Leominster  Massachusetts  US,673 Lesch Divide Unit 16,Barre,Massachusetts,Worcester County,25027,01005,42.44405534337378,-72.09768616242863,44114.16,0.00,81214
6cd05884-ca10-9da9-cddf-a560084fa5a5,2012-04-09,,999-41-9548,,,,Dung738,Denny560,Deckow585,,,,white,nonhispanic,F,Woburn  Massachusetts  US,718 Heaney Alley,Walpole,Massachusetts,Norfolk County,25021,02081,42.13713058955632,-71.26117311059488,64447.64,106438.35,137386
825e3d90-62ed-9c66-2515-cabc2bf2d3bc,1980-11-08,,999-43-9734,S99953477,X72339932X,Mr.,Sandy901,Lee268,Koelpin146,,,S,white,nonhispanic,M,North Adams  Massachusetts  US,370 Bechtelar Bay,Lawrence,Massachusetts,Essex County,25009,01840,42.740324887614456,-71.1255035796439,366060.44,290063.07,104264
d0d6c002-469b-ea99-7f94-c3dddfb4a892,1973-10-03,,999-96-2170,S99983282,X28092305X,Mr.,Logan497,Zachary28,Boyle917,,,M,white,hispanic,M,Quincy  Massachusetts  US,422 Feeney Promenade Unit 31,Revere,Massachusetts,Suffolk County,25025,02151,42.38690963787042,-71.04088921537672,109754.75,51312.88,26442
4fe1888e-2c30-4933-c3e3-c56b1ed7412c,2016-02-21,,999-82-3002,,,,Freddy176,,Stanton715,,,,white,nonhispanic,M,Boston  Massachusetts  US,107 Waters Estate,Leominster,Massachusetts,Worcester County,25027,01453,42.48548798634437,-71.7870777859912,2131.90,48730.44,3467
dfa85503-e6a5-48e9-2ca9-cd42d3773aa8,1982-03-12,,999-25-7948,S99988324,X88104162X,Mrs.,Lesia354,Jenell974,Schultz619,,Gottlieb798,D,hawaiian,nonhispanic,F,Agawam  Massachusetts  US,879 Bahringer Divide,Lexington,Massachusetts,Middlesex County,25017,02421,42.48410412056504,-71.17032753967133,214643.76,357941.70,343855
a112f2b4-eea1-b333-8687-9c35eed7da9c,1972-03-30,,999-45-1184,S99911173,X62380606X,Mr.,Rudolf736,Emmitt44,Walsh511,,,M,white,nonhispanic,M,Chelmsford  Massachusetts  US,643 Beer Gardens Apt 71,Lynn,Massachusetts,Essex County,25009,01940,42.52091227047856,-70.89806559966618,109764.84,15788.33,26511
3b3ea026-829a-199a-a5d7-2cf5923ef2aa,2011-05-16,,999-96-4113,,,,Cruz300,Granville802,Tillman293,,,,white,nonhispanic,M,Pittsfield  Massachusetts  US,524 Leuschke Station,Burlington,Massachusetts,Middlesex County,25017,01730,42.53093341865587,-71.24509307013852,20295.72,15940.33,30955
a6dcc757-e342-c0ab-2b45-4a125ae6a309,1977-02-27,,999-61-2725,S99933972,X66642436X,Ms.,Joeann663,,O'Kon634,,,S,asian,nonhispanic,F,Haiphong  Kiến An  VN,773 Morar Station,Milton,Massachusetts,Norfolk County,25021,02186,42.21496668746718,-71.04746825817108,138734.39,591622.17,813519
a363cec2-7900-649a-ae6c-464c075d8698,2003-01-06,,999-20-1647,S99997589,X17592099X,Ms.,Carolann504,Mariella503,Gottlieb798,,,,white,nonhispanic,F,Rehoboth  Massachusetts  US,437 Stokes Ranch Suite 19,Worcester,Massachusetts,Worcester County,25027,01607,42.22760129909665,-71.7583672084884,5185.55,115677.37,19564
57f7069c-dd7d-57c5-bca8-bc79bc1b35de,1979-07-13,,999-27-4133,S99954249,X45769641X,Mr.,Graig740,Alexander630,Beer512,,,M,white,nonhispanic,M,Canton  Massachusetts  US,456 Waters Forge,Marshfield,Massachusetts,Plymouth County,25023,02050,42.12200233866508,-70.67128236283492,184299.66,80390.05,68664
07533432-67d0-8ab6-46f2-ac9a8f76cecd,1956-02-10,,999-36-9238,S99928285,X58907972X,Mr.,Kelly223,Frankie174,Funk324,,,M,white,nonhispanic,M,Freetown  Massachusetts  US,104 Leannon Hollow Apt 96,Pittsfield,Massachusetts,Berkshire County,25003,01201,42.44590599335818,-73.26440399933753,16544.24,864047.09,20283
6d810999-e48c-5445-4559-e597ffa4ffe5,1954-08-24,,999-81-2331,S99983154,X69339399X,Mrs.,Tamatha836,Mathilde204,Hane680,,Ledner144,D,white,nonhispanic,F,Acushnet  Massachusetts  US,466 Walter Brook Unit 91,Barnstable,Massachusetts,Barnstable County,25001,02601,41.685301397602345,-70.32906954556502,910226.37,998287.49,50594
886d383b-2533-98eb-af9f-ec51f1bc53c6,2023-08-29,,999-58-2457,,,,Kareen958,Ai120,Pfeffer420,,,,asian,nonhispanic,F,Macau  Macao Special Administrative Region of the People's Republic of China  CN,1077 Hamill Branch Unit 89,Baldwinville,Massachusetts,Worcester County,25027,01436,42.57329391132137,-72.13467525647094,7326.79,593.69,142072
2e56c1dd-30a9-597c-6608-4f18a9575432,1943-09-20,2017-12-16,999-79-4250,S99966705,X11595193X,Mr.,Logan497,Alvin56,Kohler843,,,D,white,nonhispanic,M,Springfield  Massachusetts  US,367 Macejkovic Lane,Bourne,Massachusetts,Barnstable County,25001,02532,41.70217429703873,-70.60580928706436,371977.25,85843.25,81155
b352d83e-09c1-bdac-db1e-35b097b2de56,1969-10-09,,999-87-1122,S99984709,X34205858X,Ms.,Halley419,Jone716,Collins926,,,S,white,nonhispanic,F,Westborough  Massachusetts  US,956 Feil Arcade,Sandwich,Massachusetts,Barnstable County,25001,02563,41.71056241425804,-70.45311316373326,473181.01,101581.38,69838
968a202c-570e-6a9a-2c8d-c8ba7ab3ded0,1940-10-14,1996-02-29,999-74-3685,S99982254,X37900193X,Mr.,Nigel915,,Quigley282,,,M,white,nonhispanic,M,Springfield  Massachusetts  US,113 Wiza Extension,Beverly,Massachusetts,Essex County,25009,01915,42.574232086897105,-70.89531450652672,196425.07,2915326.15,29714
b77a3744-aa25-8833-6f27-4cbfa2b742ad,1988-04-20,,999-49-5426,S99998278,X79293887X,Mrs.,Susanne275,Claretta294,Kilback373,,Watsica258,M,black,nonhispanic,F,Lowell  Massachusetts  US,592 Yundt Wall Unit 98,Cambridge,Massachusetts,Middlesex County,25017,02139,42.43199767664505,-71.15434240671975,11833.53,175043.80,15431
04de0db0-28fe-8119-9332-8c7185ea98d6,1963-02-04,,999-60-6811,S99952089,X79534321X,Mrs.,Vernell410,Nelia669,Nolan344,,Paucek755,M,white,nonhispanic,F,Blackstone  Massachusetts  US,767 Powlowski Mall Suite 1,Norwell,Massachusetts,Plymouth County,,00000,42.155880551267046,-70.84888501279698,363984.28,751273.24,133771
a1633827-3928-fe11-94a3-b11d8f9db570,2020-03-22,,999-60-2187,,,,Delmer311,Billie243,Lockman863,,,,white,nonhispanic,M,Quincy  Massachusetts  US,130 Towne Loaf,North Andover,Massachusetts,Essex County,,00000,42.66023375947798,-71.09533345647009,10106.16,5383.48,38470
71e73271-0c53-64eb-ec50-67cc068157e7,2015-05-30,,999-79-1131,,,,Columbus656,Nicolas769,Roob72,,,,white,nonhispanic,M,Merrimac  Massachusetts  US,125 Wehner Terrace,Wilmington,Massachusetts,Middlesex County,25017,01887,42.5328232285554,-71.18047201277096,30103.01,7118.62,58788
ba26aef3-750c-9882-ecf1-2d712330e345,1959-01-27,,999-93-6865,S99922557,X3570263X,Mrs.,Louvenia131,Lily490,D'Amore443,,Ledner144,D,white,nonhispanic,F,Amesbury  Massachusetts  US,576 Mitchell Gate Suite 0,Framingham,Massachusetts,Middlesex County,25017,01701,42.36677924649404,-71.45117381049761,20693.58,1444684.49,11443
9454e017-ff6f-00dd-3cd9-58aa66141610,1965-09-13,,999-49-9293,S99912408,X50236765X,Mrs.,Marilynn608,Trudi580,Terry864,,Kris249,M,white,nonhispanic,F,Boston  Massachusetts  US,210 Kertzmann Divide Apt 72,Lexington,Massachusetts,Middlesex County,25017,02420,42.50304158140714,-71.19934793499704,186859.29,1326885.99,425771
25a31b3f-7a24-7c89-c100-833a459fd401,1966-05-13,,999-20-5878,S99937111,X63508932X,Mr.,Vance413,Jarrett354,Schmidt332,,,S,white,nonhispanic,M,Peabody  Massachusetts  US,509 Wyman Harbor,Medfield,Massachusetts,Norfolk County,25021,02052,42.2095778887757,-71.3236323413706,204027.21,184366.67,615604
7381e466-7438-1424-af34-04833fc13978,1946-07-10,2023-07-29,999-73-1331,S99927303,X4047132X,Mr.,Eddie505,Deshawn686,Kreiger457,,,S,white,nonhispanic,M,Boston  Massachusetts  US,664 O'Connell Center,Medford,Massachusetts,Middlesex County,25017,02145,42.3874270938104,-71.06280781595004,187130.53,168684.19,74613
3b648ca4-9d1d-a81a-6f6b-8d48dc58ccdb,2018-08-06,,999-94-2256,,,,Manual570,Nolan344,Tremblay80,,,,native,nonhispanic,M,Chicopee  Massachusetts  US,615 Corkery Promenade Suite 39,Millbury,Massachusetts,Worcester County,,00000,42.21479720926476,-71.77769209241673,11572.18,6952.24,91715
7ed61e9f-bbf8-e59f-e0cc-d393a932f2dc,1989-10-06,,999-64-4984,S99918890,X42681592X,Mr.,Mac103,Morris740,Deckow585,,,M,white,nonhispanic,M,Chicopee  Massachusetts  US,876 Rau Quay Unit 68,Westford,Massachusetts,Middlesex County,,00000,42.573429663089684,-71.43109151566023,50630.21,48463.20,835169
dffc8895-db35-907c-9d5b-eaaf71e2e428,1955-11-08,,999-83-4731,S99998811,X27213403X,Ms.,Shirley182,Angelyn934,Ebert178,,,S,white,nonhispanic,F,Plymouth  Massachusetts  US,500 Auer Throughway Suite 95,Brockton,Massachusetts,Plymouth County,25023,02301,42.09066184030363,-71.04463452224425,161411.04,153983.69,27423
249b71a5-90f8-7014-60be-c420ec16988d,1977-03-04,,999-31-9276,S99910796,X41221587X,Mrs.,Theressa101,Beckie79,Gorczany269,,Raynor401,M,asian,nonhispanic,F,Freetown  Massachusetts  US,908 Jaskolski Dale,Tyngsborough,Massachusetts,Middlesex County,,00000,42.668746617177746,-71.38133765051761,155832.21,1182541.43,24302
e7d6f335-1a2a-a458-d53d-ab12f02c5d38,1963-02-22,,999-96-5215,S99952379,X22831069X,Mr.,Dana512,,Greenholt190,,,S,white,hispanic,M,Chelsea  Massachusetts  US,994 Kozey Pathway,Boston,Massachusetts,Suffolk County,25025,02125,42.288068613040316,-71.13120025956785,11385.51,200268.08,6495
c1d3448d-2b6c-517e-1fb6-60ee8147506d,1968-04-22,1972-10-07,999-88-1104,,,,Yulanda554,,Prohaska837,,,,white,nonhispanic,F,Amesbury  Massachusetts  US,140 Ortiz Approach Unit 96,Fall River,Massachusetts,Bristol County,25005,02790,41.707181848431674,-71.19939748832607,23700.00,351562.05,8223
7c19f995-871d-f957-b343-b7d7ff702f18,2001-05-19,,999-76-9268,S99966687,X29490601X,Ms.,Charolette797,Edda876,Batz141,,,,white,nonhispanic,F,Lexington  Massachusetts  US,1094 Yost Estate Unit 0,Westfield,Massachusetts,Hampden County,25013,01086,42.119607916691514,-72.75937504426477,177454.31,353909.27,126549
64a652de-60b5-2c52-7d2d-7176e8cdf32d,2002-04-20,,999-95-2387,S99913373,X33944928X,Mr.,Pierre431,,Howell947,,,,black,nonhispanic,M,Dartmouth  Massachusetts  US,899 Sanford Ranch,Boston,Massachusetts,Suffolk County,25025,02120,42.365447376070435,-71.09349912735121,252046.52,487593.86,643
5b857047-c828-352e-758c-acda550eafdd,1996-09-11,,999-37-3127,S99928978,X26208335X,Mrs.,Dania217,,Satterfield305,,Cummings51,M,white,nonhispanic,F,Lowell  Massachusetts  US,129 Beahan Trailer,Boston,Massachusetts,Suffolk County,25025,02163,42.38780668675181,-71.14678683830927,150670.68,677564.38,651
11d5c44e-1306-b41e-5065-372bc4ff87e2,1975-08-31,,999-60-3065,S99983499,X85957770X,Mrs.,Eldora89,Rhoda854,Boehm581,,Huel628,M,white,nonhispanic,F,Pepperell  Massachusetts  US,225 Padberg Well Unit 29,Marblehead,Massachusetts,Essex County,25009,01945,42.5334891076079,-70.83716676858188,139802.66,657884.96,74463
3a6d0904-3e06-e273-3f38-4963e9493095,2006-06-09,,999-44-2667,S99956068,,Mr.,Carl856,Wilfredo622,Grant908,,,,white,nonhispanic,M,Pittsfield  Massachusetts  US,894 Nicolas Bay Unit 52,Worcester,Massachusetts,Worcester County,25027,01602,42.38660690394196,-71.79729985631545,42386.49,0.00,102820
c98a0017-d0ec-b7c6-fd04-7a1f1cc7bfb5,1978-01-15,,999-68-8126,S99945810,X63304265X,Mrs.,Donnette259,Danae973,Purdy2,,Smitham825,M,white,nonhispanic,F,Springfield  Massachusetts  US,677 Wiza Walk,Littleton Common,Massachusetts,Middlesex County,,00000,42.522643594718815,-71.42858054648205,765638.75,559331.42,91740
7ee993ff-3410-8c22-c81e-86c2246023db,1946-07-10,,999-24-7019,S99961051,X43359666X,Mr.,Dale454,Evan94,Goyette777,,,M,white,nonhispanic,M,Walpole  Massachusetts  US,476 Kreiger Skyway,Medford,Massachusetts,Middlesex County,25017,02155,42.39759541092383,-71.0823767292463,156357.44,137086.26,74613
0169cb1b-3752-fc0b-951b-3cca9728d308,1995-01-30,,999-50-6427,S99983022,X65982874X,Mr.,Bobbie849,Fredric73,Schimmel440,,,M,black,nonhispanic,M,Gardner  Massachusetts  US,235 Conn Passage,Adams,Massachusetts,Berkshire County,25003,01220,42.66220074703005,-73.15050368882707,53229.54,2378.62,57976
1f929a8d-cf81-5113-ea50-cedae5efb889,1961-04-07,,999-37-9216,S99939560,X17121228X,Mrs.,Gabriella773,Alyson860,Parker433,,Crona259,M,white,nonhispanic,F,Boston  Massachusetts  US,1024 Cassin Trail Apt 66,Cambridge,Massachusetts,Middlesex County,25017,02138,42.32094440935525,-71.07799249598236,15664.76,874209.73,13207
e82c2277-0e9c-d1b0-3964-27417a952d19,2001-11-25,,999-91-6697,S99989092,X16653712X,Mr.,Lawrence741,Denny560,Weissnat378,,,,white,nonhispanic,M,Amherst Center  Massachusetts  US,728 Labadie Center Unit 17,Belmont,Massachusetts,Middlesex County,25017,02472,42.34325864753962,-71.10188739611353,25762.91,55111.79,138838
596cb4d1-38df-3125-9dd2-d06a56e89079,2009-09-10,,999-81-2418,S99957505,,,Yolanda648,Olivia294,Medina536,,,,white,hispanic,F,Tegucigalpa  Francisco Morazán  HN,481 Von Gardens Unit 54,Chicopee,Massachusetts,Hampden County,25013,01022,42.161924864446526,-72.5305888056295,62647.21,446208.27,66254
5cbdf118-81df-2a77-7d92-69b0ea9b2e52,2009-02-03,,999-51-5527,S99940741,,,Terresa418,Charise827,McKenzie376,,,,white,nonhispanic,F,Brockton  Massachusetts  US,1021 Yundt Route Suite 40,Framingham,Massachusetts,Middlesex County,25017,01702,42.32930853677863,-71.4741705824964,54633.80,12059.89,79115
da4e60cf-7adb-ba68-487b-9316994f2c57,2009-04-07,,999-45-3672,S99933229,,,Jeremiah751,Grady603,Pagac496,,,,white,nonhispanic,M,Boston  Massachusetts  US,731 Mosciski Landing Apt 41,Tewksbury,Massachusetts,Middlesex County,,00000,42.64219452256433,-71.23640739232393,58880.71,0.00,56805
1de42abd-0f42-05ef-1bb2-4b69a1cbf9a5,1968-04-22,,999-18-6077,S99962864,X73582664X,Ms.,Jolynn62,Tiffany303,Zulauf375,,,S,white,nonhispanic,F,Great Barrington  Massachusetts  US,616 Koch Crossroad,Fall River,Massachusetts,Bristol County,25005,02747,41.64424153234809,-71.03936309231248,19484.57,1414531.76,8223
a7dbdda4-c6bc-6f47-e97c-6df5c39dd1ef,1960-02-21,,999-55-3634,S99910072,X32927526X,Mr.,Lyman173,Damien170,Mayert710,,,M,white,nonhispanic,M,Acushnet  Massachusetts  US,625 Prosacco Passage Apt 27,East Sandwich,Massachusetts,Barnstable County,25001,02537,41.7551157452471,-70.44527430076096,157482.21,93840.69,101909
183c7749-cac3-66a1-c8bd-acf4b1a6cc40,2022-02-28,,999-21-2907,,,,Delmar187,Burl285,Connelly992,,,,asian,nonhispanic,M,Mumbai  Maharashtra  IN,183 Larson Loaf,Dracut,Massachusetts,Middlesex County,,00000,42.67906209523029,-71.33247720043485,13482.13,2195.07,136758
7fa070ca-75e9-5514-67d2-f49dfec1a244,1947-12-07,,999-46-4310,S99957134,X29175514X,Ms.,Arlinda565,Agripina633,Krajcik437,,,S,white,nonhispanic,F,Winchendon  Massachusetts  US,368 Walker Union,Framingham,Massachusetts,Middlesex County,25017,01702,42.23420449355629,-71.40605982211304,14279.98,613254.18,19345
e0784dc8-0732-e9c9-e7b4-e5a5c229f5f9,1936-08-08,1993-11-04,999-19-3249,S99920412,X24996067X,Mr.,Vincent299,Nicolas769,Hayes766,,,M,white,nonhispanic,M,Fall River  Massachusetts  US,1018 Dach Way,Quincy,Massachusetts,Norfolk County,25021,02169,42.29056125841834,-71.04896608794877,135262.79,43373.21,125592
c97bc72d-ef80-eb44-6ce9-04781428a33a,1956-12-04,,999-41-3833,S99931630,X20996837X,Mrs.,Michael441,Tracee120,Auer97,,Watsica258,M,white,hispanic,F,Foxborough  Massachusetts  US,653 O'Reilly Center Suite 44,West Springfield,Massachusetts,Hampden County,25013,01089,42.15514820957076,-72.639344274147,681905.61,46591.68,97786
6afdcebd-2a1e-3cb1-2c28-90fb3c4bbe51,1951-05-24,2015-12-22,999-39-6437,S99938255,X85821972X,Mr.,Earnest658,Esteban536,Herzog843,,,M,white,hispanic,M,Needham  Massachusetts  US,899 Smitham Mews Apt 18,Springfield,Massachusetts,Hampden County,25013,01118,42.19023779144845,-72.60915991362927,248496.65,1092146.82,54694
5e9348ce-1fc1-226e-0eb9-b5e6527c3b8f,1976-03-01,,999-81-8140,S99915135,X86990813X,Ms.,Gigi364,Willa615,Doyle959,,,S,white,nonhispanic,F,Haverhill  Massachusetts  US,714 Koepp Ferry,Taunton,Massachusetts,Bristol County,25005,02767,41.90940546993033,-70.96817518141819,265947.62,205130.13,74163
6447b67d-2dbc-0418-7971-450b5f2ef5f5,1993-04-07,,999-78-7210,S99950236,X28051008X,Mrs.,Anya973,,Prosacco716,,Kris249,M,white,nonhispanic,F,Lawrence  Massachusetts  US,284 Glover Rest Apt 5,Westport,Massachusetts,Bristol County,,00000,41.59827204836152,-71.1090123808013,166617.58,538246.39,504916
08f4b28e-ab8c-a313-7f36-a837b3e9fd56,1974-08-03,,999-85-1999,S99963656,X961900X,Mrs.,Leonore418,Chantay958,Goodwin327,,Oberbrunner298,D,white,nonhispanic,F,Springfield  Massachusetts  US,456 Luettgen Forge Unit 56,Easton,Massachusetts,Bristol County,,00000,42.02950063750315,-71.15486636865867,450291.75,254419.30,100939
22a562c4-1381-b354-4a45-0a208d1bcd86,1990-03-28,,999-95-2494,S99945620,X11758718X,Mrs.,Cristie97,Yvone889,Marks830,,Donnelly343,M,white,nonhispanic,F,Rowley  Massachusetts  US,1015 Bosco Quay Suite 68,Ocean Grove,Massachusetts,Bristol County,,00000,41.69122369898929,-71.2006528983019,138533.52,431357.31,96406
9207c672-fe18-14b3-50f9-dbae14618ea9,1936-08-08,1983-09-24,999-24-5795,S99988185,X70210611X,Mr.,Benito209,Deon400,West559,,,M,white,nonhispanic,M,Saugus  Massachusetts  US,910 Schmitt Drive,Quincy,Massachusetts,Norfolk County,25021,02171,42.22618075926083,-70.97361350101018,104861.97,21341.27,125592
3c6897d2-50cc-d619-c23c-2a7c04dfdeca,2004-10-04,,999-89-9765,S99915925,X10922450X,Mr.,Anibal473,Winford225,Bosco882,,,,white,nonhispanic,M,Yarmouth  Massachusetts  US,556 Buckridge Approach Apt 13,Clinton,Massachusetts,Worcester County,25027,01510,42.36201445627756,-71.64698577081896,60100.41,1201.57,127908
3db1bcd1-be61-d9c6-3d6f-f2fe0bf01e0e,1943-09-20,2008-07-26,999-39-6093,S99949507,X61352739X,Mr.,Fredrick998,Scotty190,Wiegand701,,,S,white,nonhispanic,M,Holyoke  Massachusetts  US,757 Langworth Neck,Bourne,Massachusetts,Barnstable County,25001,02532,41.744886394606766,-70.57048575919899,939501.97,562855.64,81155
8ccdb463-737e-d6fd-90ad-1f8b63d7a9d3,1999-07-22,,999-83-4957,S99917189,X30312721X,Mr.,Alphonse92,Lupe126,Dicki44,,,,hawaiian,nonhispanic,M,Cambridge  Massachusetts  US,391 O'Reilly Heights,Quincy,Massachusetts,Norfolk County,25021,02170,42.274936432264,-71.04143103028028,9535.88,771945.73,16218
0f039c94-c2de-2848-f262-cad937406732,1951-05-24,1974-01-08,999-19-7710,S99994144,X32228851X,Mr.,Wallace647,Mose244,Prosacco716,,,,white,hispanic,M,Needham  Massachusetts  US,387 Romaguera Haven Suite 98,Springfield,Massachusetts,Hampden County,25013,01107,42.13093850849159,-72.57055094933938,65640.11,0.00,54694
38e8d6e8-f801-3c74-e4a8-c9928bce6c15,2000-05-22,,999-87-6709,S99991546,X30442808X,Ms.,Beth967,,Ward668,,,,black,hispanic,F,Springfield  Massachusetts  US,433 Cremin Club Apt 81,Boston,Massachusetts,Suffolk County,25025,02121,42.28157654165851,-71.0829897099248,115778.00,141109.80,181544
868dc719-073c-6680-dffb-b03c598aaf64,1965-06-13,,999-16-8608,S99933831,X67647085X,Mr.,Edgar153,Faustino767,Schumm995,,,S,white,nonhispanic,M,Lexington  Massachusetts  US,960 Kuvalis Glen Unit 20,Cambridge,Massachusetts,Middlesex County,25017,02141,42.41798738689288,-71.1476768384669,184138.27,47197.07,131497
b3949e3e-7592-abed-90db-69d37826f007,1976-08-09,2007-11-13,999-25-3943,S99996827,X85027180X,Mrs.,Edwina60,,McClure239,,Schroeder447,M,white,nonhispanic,F,Attleboro  Massachusetts  US,354 Upton Underpass,Plainville,Massachusetts,Norfolk County,,00000,41.968695774591154,-71.33764451800542,126975.16,324777.74,175088
58d473db-daaf-8f4b-d9f1-fff6dcac7088,1952-10-11,,999-59-3775,S99954722,X85505608X,Mr.,Quincy153,,Ruecker817,,,M,white,nonhispanic,M,Worcester  Massachusetts  US,493 Morissette Parade Suite 8,East Longmeadow,Massachusetts,Hampden County,,00000,42.105972361215514,-72.51398531200913,153218.44,107114.59,166218
c7085ae9-a4b7-0248-b9ee-a580e10b9eef,1975-03-07,,999-89-6719,S99989646,X78181999X,Ms.,Maryln219,,Yost751,,,S,white,nonhispanic,F,Holbrook  Massachusetts  US,1057 Abshire Overpass,Douglas,Massachusetts,Worcester County,,00000,42.017471936868205,-71.73194875845036,140494.38,475713.33,198558
be9ace6f-ac1a-531a-3169-5fbe25c5b894,2016-06-01,,999-64-4813,,,,Cletus494,,Hermiston71,,,,white,hispanic,M,Methuen  Massachusetts  US,691 Gulgowski Heights Unit 68,Boston,Massachusetts,Suffolk County,25025,02121,42.36913724745671,-71.04323089696734,1687.58,25303.09,1093
8b5e22f9-dbf9-6454-f220-efc6081af147,2014-03-12,,999-10-3710,,,,Cherie102,Gabriel934,Gibson10,,,,white,nonhispanic,F,Marlborough  Massachusetts  US,436 Orn Road,Dennis,Massachusetts,Barnstable County,25001,02638,41.75388191455086,-70.20583606521069,31003.82,0.00,49453
39d6b18a-7441-c14b-4b16-9a075394c526,1936-08-08,,999-27-5669,S99937293,X82058519X,Mr.,Nathanael908,Deshawn686,Zboncak558,,,M,white,nonhispanic,M,Fall River  Massachusetts  US,785 McGlynn Trail Unit 60,Quincy,Massachusetts,Norfolk County,25021,02169,42.214440534662735,-71.04957352019031,150153.06,713881.50,125592
28200f62-e55a-a174-e7ae-0c6d5bbf1702,2020-06-10,,999-73-7388,,,,Maybelle917,,Huel628,,,,white,nonhispanic,F,Arlington  Massachusetts  US,698 Cremin Lock,New Bedford,Massachusetts,Bristol County,25005,02744,41.505534479689516,-70.97568399680141,845.86,12839.46,3576
4e3090c6-fe51-c2e0-fa47-3e5ba90d52a1,2002-05-04,,999-59-3098,S99916058,X67066905X,Ms.,Georgianna701,,Bednar518,,,,white,nonhispanic,F,Somerville  Massachusetts  US,510 Kuhn Viaduct Unit 64,Springfield,Massachusetts,Hampden County,25013,01103,42.118834223541384,-72.50993371818481,3769.31,94512.02,2135
59cd929d-0109-446f-e753-c6ee3ae0d8e8,1940-10-14,1980-09-14,999-82-5875,S99911864,X33194351X,Mr.,Zachariah133,Yong583,Wintheiser220,,,M,white,nonhispanic,M,Dracut  Massachusetts  US,1062 O'Connell Spur,Beverly,Massachusetts,Essex County,25009,01915,42.565196869476424,-70.83313846782279,150834.51,535041.20,29714
dcab5f1b-e63d-5748-5468-572c73eda20b,1979-04-07,2002-06-23,999-97-4881,S99963408,X85037582X,Mr.,Brant303,,Ondricka197,,,,white,nonhispanic,M,Sharon  Massachusetts  US,294 Hessel Extension,Wareham,Massachusetts,Plymouth County,,00000,41.71486011481782,-70.742838674896,7404.99,91527.30,2522
45e64f4f-4762-78c8-520f-c998324d9b2d,1988-09-28,,999-18-8654,S99916434,X79443387X,Mr.,Lon587,Kerry175,Marvin195,,,D,white,nonhispanic,M,Easton  Massachusetts  US,537 Klocko Ramp Unit 74,Blackstone,Massachusetts,Worcester County,,00000,42.087008186069674,-71.52313087769164,128626.53,36619.85,55714
2264c63c-535b-b023-8657-d9a1d97c9129,1976-08-09,,999-99-2747,S99912283,X89565947X,Mrs.,Tu721,,Wiegand701,,Weissnat378,D,white,nonhispanic,F,Chelsea  Massachusetts  US,714 Toy Path Suite 54,Plainville,Massachusetts,Norfolk County,,00000,42.058140200250406,-71.36763754271095,180995.01,701090.47,175088
ad411ca9-ebcb-8782-182c-bd8c7fa36a46,1979-04-07,,999-69-5489,S99927348,X55959570X,Mr.,Val761,Dusty207,Luettgen772,,,M,white,nonhispanic,M,Worcester  Massachusetts  US,120 Littel Trafficway,Wareham,Massachusetts,Plymouth County,,00000,41.76289804917163,-70.70737616138761,16559.97,194574.07,2522
1cdeed73-75a5-d865-3610-e7fdc629270e,1934-08-29,,999-38-8579,S99947960,X12566349X,Mr.,Dong972,Collin529,Dooley940,,,M,white,nonhispanic,M,Southbridge  Massachusetts  US,244 Lang Parade,Acton,Massachusetts,Middlesex County,,00000,42.45522250034016,-71.4680191214228,33382.27,738487.01,14070
db690402-1cd7-0b25-d98d-f01d21000fe5,1950-11-22,,999-33-6169,S99970571,X29010554X,Mrs.,Ria154,,Hirthe744,,Kerluke267,M,white,nonhispanic,F,Cambridge  Massachusetts  US,950 Raynor Bridge,Yarmouth,Massachusetts,Barnstable County,,00000,41.6909925887864,-70.17624284205812,887423.49,541467.51,165
4067b306-a20b-1be3-b946-dc2560b5775d,1951-05-24,,999-10-8726,S99927656,X56563388X,Mr.,Rob341,Santos184,O'Kon634,,,M,white,hispanic,M,Bourne  Massachusetts  US,929 Schumm Road Suite 79,Springfield,Massachusetts,Hampden County,25013,01108,42.093239176016766,-72.58107414778992,241329.93,160156.41,54694
092deb3b-3c85-3b35-5222-228a1d028f3d,1943-09-20,,999-61-4400,S99962566,X74907836X,Mr.,Zachariah133,Marcelino726,Langworth352,,,D,white,nonhispanic,M,Lynn  Massachusetts  US,330 Leuschke Highlands,Bourne,Massachusetts,Barnstable County,25001,02532,41.75624964532031,-70.61266745233814,261456.86,753116.31,81155
2ec8eb0f-398f-45f9-0a2f-97ec39aaf13d,2007-06-27,,999-91-7895,S99939287,,Mr.,Mohamed943,Denis399,Reichert620,,,,white,nonhispanic,M,Hopkinton  Massachusetts  US,868 Borer Port Unit 41,Lynn,Massachusetts,Essex County,25009,01940,42.51009709556882,-70.97409960000421,33867.51,1170067.34,86897
1e128832-90bf-8823-1c6a-c8060ef2828a,1970-12-12,,999-23-6934,S99932049,X1033342X,Ms.,Frida746,Clarisa227,Gorczany269,,,S,white,nonhispanic,F,Halifax  Massachusetts  US,664 West Manor Suite 37,Milton,Massachusetts,Norfolk County,25021,02186,42.19685097630287,-71.0465822775294,278307.67,509941.12,141337
b4fe8d6c-0602-1e6f-62a3-7f8bf412e991,1974-10-09,,999-74-7299,S99911561,X73669392X,Mrs.,Jerri638,,Schuppe920,,Satterfield305,M,black,nonhispanic,F,Boston  Massachusetts  US,642 Brakus Viaduct Suite 14,Middleborough,Massachusetts,Plymouth County,,00000,41.85105283706241,-70.8935570541607,179382.59,443973.01,261271
4fafbe74-0cf6-d493-f35c-73a554f8c1e4,1979-02-04,2002-07-03,999-77-8142,S99981371,X82404396X,Ms.,Kamala553,,Watsica258,,,,other,nonhispanic,F,Springfield  Massachusetts  US,484 Mueller Skyway,Fall River,Massachusetts,Bristol County,25005,02723,41.68738122881061,-71.00124153204999,7702.22,292367.86,791
5c804745-3bc2-1080-5d1d-55dd38276c58,2023-03-21,,999-78-7720,,,,Melida518,Mallie560,Little434,,,,white,nonhispanic,F,Cochituate  Massachusetts  US,637 Stracke Glen,Falmouth,Massachusetts,Barnstable County,25001,02540,41.58423131016477,-70.64436828816606,5883.51,1954.95,82047
18888868-354f-3b1e-b07f-7f48d2ac6155,1974-05-01,,999-59-2435,S99935507,X36343150X,Mrs.,Maryln219,Richelle340,Maggio310,,Mraz590,D,white,nonhispanic,F,Lynn  Massachusetts  US,901 Crona Frontage road Unit 19,Andover,Massachusetts,Essex County,25009,01810,42.6802562158425,-71.18289350394764,911046.77,341881.52,108693
a0947265-c8b1-4eab-40e9-6ae45b702640,1979-02-04,,999-45-2967,S99933260,X14467635X,Ms.,Fleta652,Gaynell126,Swaniawski813,,,S,other,nonhispanic,F,Ipswich  Massachusetts  US,115 Wunsch Path,Fall River,Massachusetts,Bristol County,25005,02724,41.566779849356415,-71.08270758063355,27263.55,648670.51,791
3b28eada-6a70-cba4-c5d6-9fadc009fcf2,1989-11-15,,999-82-2091,S99975255,X7148392X,Mrs.,Rachal9,Leeanna836,Bailey598,,Schroeder447,M,white,nonhispanic,F,Sandwich  Massachusetts  US,521 Bruen Esplanade Apt 14,Brockton,Massachusetts,Plymouth County,25023,02351,42.074266837310915,-71.01888106341634,201444.83,158378.47,45809
ce5931b4-0127-25cc-e40f-5fa0542af20e,1940-10-14,1998-04-06,999-80-9473,S99954021,X70925320X,Mr.,Daren950,Michal596,Ullrich385,,,D,white,nonhispanic,M,Westford  Massachusetts  US,645 Thiel Light Unit 61,Beverly,Massachusetts,Essex County,25009,01915,42.611754569123555,-70.8342455714158,212872.94,758882.16,29714
b75124ac-52c7-9d7a-5f9c-fa1d089aa740,1965-05-03,,999-91-2335,S99988496,X7656854X,Ms.,Lynette631,Cherlyn665,Rowe323,,,S,white,nonhispanic,F,Cambridge  Massachusetts  US,225 Mertz Forge Unit 72,Greenfield,Massachusetts,Franklin County,25011,01301,42.6719548490911,-72.61655088463515,262497.49,440696.51,34089
0eff2841-b2a0-64dd-7057-75ed62798536,1962-07-28,1977-03-23,999-58-4569,,,,Aurelio227,Bradford382,Hartmann983,,,,black,nonhispanic,M,Quincy  Massachusetts  US,263 Tremblay Gate Apt 32,Mansfield,Massachusetts,Bristol County,,00000,42.03788920909042,-71.25004945317919,3011.99,57512.43,24086
da6c9fa5-7296-ab8d-a61e-8ac8befdf591,1962-08-19,,999-47-3419,S99931452,X71081101X,Mr.,Jason347,Michale231,McDermott739,,,S,black,nonhispanic,M,Millbury  Massachusetts  US,378 Zboncak Key Unit 79,Boston,Massachusetts,Suffolk County,25025,02114,42.39971458281839,-71.06169697607497,115542.89,817533.92,74342
80482eae-45dd-cec4-02d5-da2f2d620c4c,1991-10-02,,999-87-2245,S99946054,X23720155X,Mrs.,Albert312,,Dietrich576,PhD,Jacobson885,M,white,nonhispanic,F,Mansfield  Massachusetts  US,163 Greenholt Vale,Amherst,Massachusetts,Hampshire County,,00000,42.39856673900442,-72.50570670855237,11931.35,800321.62,6757
3f4bfd5b-8bb1-6e4c-be55-e3024892de9c,1933-07-07,2006-03-07,999-90-3644,S99935175,X46601668X,Mr.,Roosevelt595,Efrain317,Gulgowski816,,,M,black,nonhispanic,M,Shelburne  Massachusetts  US,805 Conn Well,Williamstown,Massachusetts,Berkshire County,25003,01267,42.71764794482427,-73.21839333925519,256037.74,3296148.27,28314
c81344df-41d7-b280-60c3-3cac5902a516,1968-06-21,2012-05-31,999-39-7775,S99988775,X68768367X,Mr.,Basil991,Carmine137,Breitenberg711,,,M,black,nonhispanic,M,East Longmeadow  Massachusetts  US,597 Yost Junction,Revere,Massachusetts,Suffolk County,25025,02151,42.45661877250735,-70.96853239646562,68763.41,64327.76,47913
0f000996-75d4-1192-e524-d6f2964ba111,2006-02-20,,999-16-1570,S99945801,,Ms.,Jordan900,Sharolyn456,Auer97,,,,white,nonhispanic,F,Worcester  Massachusetts  US,314 Hahn Park Apt 6,Cambridge,Massachusetts,Middlesex County,25017,02142,42.326452335228694,-71.125308865712,123615.30,720866.23,763586
fbe4ad2e-e09a-6b44-010e-77f3bba2aa3d,1951-03-19,2023-06-11,999-59-5070,S99937397,X60747456X,Mrs.,Magdalena964,Ester635,Heredia716,,Canales95,M,white,hispanic,F,Bayamon  Puerto Rico  PR,889 Kunze Skyway Suite 52,Lawrence,Massachusetts,Essex County,25009,01840,42.73162791600611,-71.16081349519297,296269.54,1712119.40,29807
bd6c7376-0daf-8698-6e63-9a65ffe08627,1947-06-17,2016-05-16,999-65-4837,S99917376,X78858471X,Ms.,Shondra529,Evonne919,Senger904,,,S,white,nonhispanic,F,Boston  Massachusetts  US,1033 Langworth Promenade,Sudbury,Massachusetts,Middlesex County,,00000,42.432527220048854,-71.4368733754036,305712.19,598211.82,644252
dbff292b-8d76-7099-493f-936746218a7f,1965-06-10,,999-77-3501,S99912514,X17725549X,Mr.,Hollis7,Armando772,Stark857,,,M,white,nonhispanic,M,Ludlow  Massachusetts  US,435 Okuneva Trail Suite 55,Longmeadow,Massachusetts,Hampden County,25013,01106,42.05358548541596,-72.53565479546218,34282.44,270168.25,65023
5ac9f187-7e05-d988-bffe-f966b719ec8a,1964-05-20,,999-72-3134,S99940787,X76083586X,Mrs.,Shayna64,May125,Ortiz186,,Rutherford999,W,white,nonhispanic,F,Worcester  Massachusetts  US,991 Kuhn Knoll Apt 61,Eastham,Massachusetts,Barnstable County,,00000,41.84734728438924,-69.97646740720127,17027.63,1271149.97,16543
2b0da20c-c88c-8f6f-e788-db9c66029018,2020-05-01,,999-14-9810,,,,Kyung736,Myrtie622,Wiegand701,,,,white,nonhispanic,F,Brockton  Massachusetts  US,870 Hoppe Arcade,North Attleborough,Massachusetts,Bristol County,,00000,41.941122497034755,-71.37031623561909,17616.41,131.48,89918
f63e3155-2c2b-6376-40af-8a8b8ac72421,1965-11-08,2015-05-22,999-94-1621,S99934900,X39557092X,Mrs.,Lin401,Teisha100,MacGyver246,,O'Reilly797,D,white,nonhispanic,F,Millbury  Massachusetts  US,455 Mosciski Divide Apt 56,Dudley,Massachusetts,Worcester County,,00000,42.04392318810158,-71.9252289818963,177098.66,723200.99,31163
89f7a06a-884c-1d38-4594-32e09f7f7d7f,2002-04-07,,999-94-8279,S99999088,X72426790X,Mr.,Edgardo196,,Will178,,,,white,nonhispanic,M,Athens  Athens Prefecture  GR,246 Dickens Frontage road,Waltham,Massachusetts,Middlesex County,25017,02451,42.4217729962774,-71.27747334576925,6474.71,116993.48,7980
84ff09e9-8134-1046-bbf4-f2496b716bd4,1968-06-21,,999-36-6599,S99934767,X24349202X,Mr.,Malcom15,,Jacobs452,,,W,black,nonhispanic,M,Plymouth  Massachusetts  US,174 Harris Drive Apt 71,Revere,Massachusetts,Suffolk County,25025,02151,42.400203132900806,-71.0220431423967,174989.64,53996.15,47913
e61e8884-4a52-f027-92d7-c87c2c048491,1974-06-24,,999-11-9489,S99993820,X70562875X,Mr.,Denver542,Arlen68,Pfannerstill264,,,W,white,nonhispanic,M,Stoughton  Massachusetts  US,281 Runte Meadow Unit 75,Boston,Massachusetts,Suffolk County,25025,02134,42.328751301058425,-71.00697793592354,10588.22,205349.23,16257
b08cee5c-5ab5-0f88-e1a1-d14bb2dc2f3a,2009-10-08,,999-21-7365,S99997552,,,Hailey792,Mistie167,Thiel172,,,,white,nonhispanic,F,Fall River  Massachusetts  US,106 McKenzie Mews Suite 47,Tewksbury,Massachusetts,Middlesex County,,00000,42.589403770463385,-71.263983258536,43720.12,76021.14,53955
6bac0f95-b2ca-7321-ee8e-37d9a6bcdf33,2007-08-16,,999-30-5468,S99926650,,Ms.,Augustina561,,Barton704,,,,asian,nonhispanic,F,Deerfield  Massachusetts  US,640 McLaughlin Trace Apt 66,Needham,Massachusetts,Norfolk County,25021,02492,42.33052913786934,-71.2684222478116,76883.63,136559.46,199681
3cc27339-d792-b0bd-f1dc-888898647f1a,1933-07-07,2015-03-18,999-87-2444,S99918831,X15920742X,Mr.,Ryan260,Kory651,Hackett68,,,S,black,nonhispanic,M,New Bedford  Massachusetts  US,757 Kirlin Passage Apt 18,Williamstown,Massachusetts,Berkshire County,25003,01267,42.64638614313629,-73.24835309997891,260673.10,982593.71,28314
e1fb49fd-6477-083d-f279-9e8a0c0794dc,1967-02-09,,999-76-2160,S99924044,X5046168X,Mr.,Clint766,,Toy286,,,M,black,nonhispanic,M,Springfield  Massachusetts  US,540 Howell Forge,Springfield,Massachusetts,Hampden County,25013,01128,42.15572028781013,-72.60508823822751,16552.75,217538.52,1472
249c551f-f946-51e9-d74a-cd711cf8db8b,1965-11-08,,999-62-4867,S99920921,X40143178X,Mrs.,Lynetta635,Michell380,Towne435,,Botsford977,D,white,nonhispanic,F,Everett  Massachusetts  US,473 Mann Ferry,Dudley,Massachusetts,Worcester County,,00000,42.07003557496886,-71.9532304022895,290532.52,818985.71,31163
f01a19dd-9fe3-3f71-a7ad-c14138167c72,1951-03-19,,999-81-5469,S99942479,X80560039X,Ms.,Ana María762,Pilar644,Figueroa648,,,S,white,hispanic,F,Santiago  Santiago Province  CL,128 Bogan Tunnel Unit 39,Lawrence,Massachusetts,Essex County,25009,01841,42.755756994786836,-71.16206307039607,288045.89,579681.95,29807
eb47d03a-e75d-4393-4c4e-a3e07fbdcb51,1970-01-15,,999-23-1833,S99916055,X85817166X,Mrs.,Sherrill767,Annalisa973,Feeney44,,Pouros728,D,hawaiian,nonhispanic,F,Newton  Massachusetts  US,350 Wuckert Branch,Boston,Massachusetts,Suffolk County,25025,02122,42.32425740237251,-71.05299116774586,26098.05,1313413.92,22795
cd104b21-de19-c7f5-dc83-cb919d137d59,1962-07-28,,999-87-1332,S99978673,X45205390X,Mr.,Milan77,Gilberto712,Stokes453,,,D,black,nonhispanic,M,Plymouth  Massachusetts  US,534 Grimes Camp Suite 47,Mansfield,Massachusetts,Bristol County,,00000,42.0308482655502,-71.1742498907796,166637.81,653184.12,24086
900dbd89-784a-cb9d-3b6e-0626a0c90184,1958-05-04,,999-48-6647,S99988085,X37071824X,Mrs.,Adrian111,Flavia315,Dietrich576,,Bins636,M,asian,nonhispanic,F,Macau  Macao Special Administrative Region of the People's Republic of China  CN,522 Herman Green Suite 3,Waltham,Massachusetts,Middlesex County,25017,02451,42.40176049297326,-71.19442578940391,1142452.94,561392.51,104356
5fd24c22-9fa3-357d-09d1-25313ac59127,1947-06-17,2022-10-11,999-32-3290,S99969794,X46341179X,Ms.,Prudence900,Heidy529,Buckridge80,,,S,white,nonhispanic,F,Wayland  Massachusetts  US,450 Mante Frontage road,Sudbury,Massachusetts,Middlesex County,,00000,42.40114872155071,-71.38318018763655,346865.90,1375961.28,644252
30f5cf4f-cd9c-bd81-bb56-f5f8964848b4,1940-10-14,2002-09-22,999-36-8441,S99914039,X71911365X,Mr.,Roderick835,Will178,Auer97,,,D,white,nonhispanic,M,Arlington  Massachusetts  US,1037 Renner Vale,Beverly,Massachusetts,Essex County,25009,01915,42.58945100275225,-70.87813258828638,262104.68,1201508.28,29714
d302827a-17e1-f366-ba17-81785fcaa8e4,1933-07-07,2016-12-31,999-56-7800,S99998909,X66677303X,Mr.,Rhett759,,Lowe577,,,S,black,nonhispanic,M,Freetown  Massachusetts  US,150 Harvey Bridge,Williamstown,Massachusetts,Berkshire County,25003,01267,42.70653425618677,-73.23906320385865,204955.49,778356.02,28314
d0a7b260-23f6-00c1-b51c-6ce97522ed14,1947-06-17,,999-23-8989,S99996721,X57557943X,Ms.,Hang682,Bebe406,Gottlieb798,,,S,white,nonhispanic,F,Barnstable  Massachusetts  US,1098 Altenwerth Lock,Sudbury,Massachusetts,Middlesex County,,00000,42.41110842522082,-71.3802829337241,256235.69,570559.09,644252
d17dd5b1-e5c5-cb13-8678-775d261dd54a,1933-07-07,1984-12-13,999-78-7161,S99947363,X8180655X,Mr.,Shawn523,Grady603,Keebler762,,,S,black,nonhispanic,M,Northborough  Massachusetts  US,798 Gleason Dam,Williamstown,Massachusetts,Berkshire County,25003,01267,42.70925504373476,-73.28834887100224,113399.10,110015.90,28314
cd439c9e-3eee-f045-eb92-97865254b509,1940-10-14,2002-10-29,999-84-8894,S99956961,X26311919X,Mr.,Sammy219,Troy560,Moen819,,,M,white,nonhispanic,M,Tewksbury  Massachusetts  US,674 Roberts Ville,Beverly,Massachusetts,Essex County,25009,01915,42.5845300930701,-70.88937575946036,201154.78,130331.01,29714
98127785-2c2e-a1f9-fc2e-71302613e39a,1940-10-14,,999-25-3798,S99929188,X69331639X,Mr.,Pete38,Sydney660,Kirlin939,,,S,white,nonhispanic,M,Braintree  Massachusetts  US,1077 Rohan Skyway Unit 32,Beverly,Massachusetts,Essex County,25009,01915,42.50987422944397,-70.88615335211351,200346.56,877525.86,29714
1d25b241-d67c-8374-d746-540cbcba1522,1933-07-07,2017-02-17,999-93-3255,S99957714,X72878072X,Mr.,Alonzo487,,Prohaska837,,,M,black,nonhispanic,M,Holden  Massachusetts  US,369 Weissnat Approach Suite 2,Williamstown,Massachusetts,Berkshire County,25003,01267,42.676340431318266,-73.28242724824094,331721.31,935732.88,28314
07651b8b-b567-4970-e0de-5b9b71fc443e,1933-07-07,2017-07-27,999-59-9060,S99940589,X29446346X,Mr.,Lupe126,Mike230,Weissnat378,,,M,black,nonhispanic,M,Malden  Massachusetts  US,229 Harber Gardens,Williamstown,Massachusetts,Berkshire County,25003,01267,42.68669941604536,-73.18637153611674,206691.36,251536.16,28314
348e4f5c-017f-9ee0-19c6-c07e70385de7,1933-07-07,,999-42-1098,S99974125,X82730593X,Mr.,Harley673,Bobby524,Abernathy524,,,M,black,nonhispanic,M,Waltham  Massachusetts  US,305 Keebler Tunnel Suite 65,Williamstown,Massachusetts,Berkshire County,25003,01267,42.6768238520582,-73.22761346072825,213818.78,1249534.77,28314
